species,colony,temperature,area_d0,area_d7,area_d14,area_d21,area_d28
Cyphomyrmex_costatus,MB_20211018_3,25,0.222,2.076,7.625,20.072,28.377
Cyphomyrmex_costatus,MB_20211018_3,30,0.247,2.793,11.38,20.837,28.357
Cyphomyrmex_costatus,MB_20211018_3,25,0.285,2.03,8.166,22.11,27.931
Cyphomyrmex_costatus,MB_20211011_3,25,0.301,1.441,6.548,16.326,27.684
Cyphomyrmex_costatus,MB_20211011_3,25,0.127,1.2,4.588,15.549,27.663
Cyphomyrmex_costatus,MB_20211018_3,25,0.275,1.92,7.215,19.297,27.425
Cyphomyrmex_costatus,MB_20211018_3,25,0.348,2.213,9.205,22.342,27.302
Cyphomyrmex_costatus,MB_20211018_3,30,0.232,2.547,10.306,19.731,26.478
Cyphomyrmex_costatus,MB_20211011_3,25,0.301,1.502,8,17.945,26.419
Cyphomyrmex_costatus,MB_20211011_3,30,0.201,2.34,9.786,18.684,26.144
Cyphomyrmex_costatus,MB_20211011_3,30,0.308,2.02,8.362,17.035,25.24
Cyphomyrmex_costatus,MB_20211011_3,30,0.348,2.101,9.48,17.635,25.182
Cyphomyrmex_costatus,MB_20211011_3,25,0.272,1.662,6.388,15.972,24.058
Cyphomyrmex_costatus,MB_20211011_3,30,0.242,1.758,6.903,16.216,23.863
Apterostigma_dentigerum,CLD_20211022_1,25,0.262,1.503,5.968,12.564,22.284
Apterostigma_dentigerum,CLD_20211022_1,25,0.248,1.431,5.848,12.824,22.049
Cyphomyrmex_costatus,MB_20211011_3,30,0.273,1.719,6.003,13.128,22.027
Cyphomyrmex_costatus,MB_20211011_3,30,0.235,2.109,5.651,12.294,21.802
Apterostigma_dentigerum,CLD_20211022_1,25,0.273,1.538,5.181,11.58,20.419
Cyphomyrmex_costatus,MB_20211024_1,30,0.213,1.448,3.702,8.697,19.407
Apterostigma_dentigerum,MB_20211019_2,25,0.202,1.241,4.179,9.677,18.578
Apterostigma_dentigerum,MB_20211019_2,25,0.241,1.048,3.445,9.261,17.835
Apterostigma_dentigerum,MB_20211019_2,25,0.229,0.816,3.289,9.191,17.68
Apterostigma_dentigerum,MB_20211102_1,25,0.255,1.13,4.284,8.614,16.972
Acromyrmex_echinatior,Ae621,25,0.21,0.82,3.175,9.92,16.833
Apterostigma_dentigerum,MB_20211019_2,25,0.275,0.902,3.452,9.077,16.508
Cyphomyrmex_costatus,MB_20211024_1,25,0.253,1.267,3.898,9.55,15.995
Cyphomyrmex_costatus,MB_20211018_3,20,0.302,0.692,3.022,7.958,15.439
Atta_colombica,EG_20211101_2,25,0.217,0.765,2.893,8.783,15.345
Apterostigma_dentigerum,MB_20211102_1,25,0.198,0.846,3.677,7.288,15.328
Apterostigma_dentigerum,MB_20211102_1,25,0.25,0.884,3.363,7.312,15.076
Acromyrmex_echinatior,Ae507,25,0.281,1.167,4.39,9.616,14.979
Apterostigma_dentigerum,MB_20211102_1,25,0.244,0.946,2.816,6.36,14.449
Apterostigma_dentigerum,MB_20211102_1,25,0.241,1.002,3.246,7.015,14.316
Atta_colombica,EG_20211101_2,25,0.265,0.737,2.973,8.783,14.175
Cyphomyrmex_costatus,MB_20211011_3,20,0.277,0.672,2.708,7.019,14.068
Cyphomyrmex_costatus,MB_20211024_1,25,0.252,1.007,3.251,7.973,14.023
Cyphomyrmex_costatus,MB_20211024_1,25,0.282,0.998,3.45,8.011,13.872
Cyphomyrmex_costatus,MB_20211018_3,20,0.194,0.622,2.379,7.264,13.73
Apterostigma_dentigerum,CLD_20211022_1,20,0.245,0.898,2.765,7.017,13.703
Cyphomyrmex_costatus,MB_20211024_1,30,0.272,1.508,3.716,7.307,13.513
Apterostigma_dentigerum,CLD_20211022_1,20,0.263,1.153,2.985,7.787,13.187
Paratrachymyrmex_cornetzi,MB_20211030_3,25,0.411,0.866,2.987,7.151,13.119
Atta_colombica,TLP_20211014_12,25,0.21,0.879,3.186,7.724,12.902
Atta_colombica,EG_20211101_2,25,0.208,0.605,2.742,7.595,12.74
Cyphomyrmex_costatus,MB_20211018_3,20,0.179,0.529,1.964,6.553,12.672
Cyphomyrmex_costatus,MB_20211024_1,25,0.222,1.128,3.461,6.295,12.665
Cyphomyrmex_costatus,MB_20211024_1,30,0.272,1.65,4.452,7.511,12.594
Atta_colombica,EG_20211101_2,25,0.217,1.124,3.628,7.866,12.59
Acromyrmex_echinatior,Ae507,25,0.202,0.448,1.908,6.507,12.559
Apterostigma_dentigerum,CLD_20211022_1,20,0.259,0.776,2.443,5.908,12.456
Cyphomyrmex_costatus,MB_20211024_1,30,0.234,1.732,4.26,7.684,12.374
Cyphomyrmex_costatus,MB_20211018_3,20,0.134,0.767,2.314,6.43,11.804
Atta_colombica,TLP_20211014_12,25,0.233,0.689,1.986,6.483,11.727
Cyphomyrmex_costatus,MB_20211011_3,20,0.293,0.743,2.561,6.292,11.525
Apterostigma_dentigerum,CLD_20211022_1,20,0.226,0.76,2.267,5.662,11.472
Apterostigma_dentigerum,MB_20211019_2,20,0.232,0.728,2.217,5.456,11.374
Apterostigma_dentigerum,CLD_20211022_1,20,0.223,0.666,2.534,6.028,11.364
Paratrachymyrmex_cornetzi,MB_20211030_3,25,0.338,1.248,3.701,6.854,11.098
Cyphomyrmex_costatus,MB_20211011_3,20,0.277,0.735,2.648,6.35,10.923
Apterostigma_dentigerum,CLD_20211022_1,20,0.25,0.807,2.137,5.062,10.346
Apterostigma_dentigerum,MB_20211019_2,20,0.201,0.874,2.329,5.349,10.331
Apterostigma_dentigerum,MB_20211019_2,20,0.256,0.675,2.208,5.256,9.946
Atta_colombica,EG_20211101_2,20,0.222,0.529,1.863,5.578,9.629
Apterostigma_dentigerum,CLD_20211022_1,20,0.225,0.776,2.287,4.585,9.399
Atta_colombica,EG_20211101_2,20,0.205,0.445,1.679,4.789,8.591
Atta_colombica,EG_20211101_2,20,0.263,0.557,1.8,5.031,8.377
Paratrachymyrmex_cornetzi,GL_20211017_2,25,0.251,0.954,2.432,4.55,8.304
Apterostigma_dentigerum,MB_20211102_1,20,0.244,0.699,2.011,4.035,8.278
Mycocepurus_smithii,MB_20211030_1,25,0.202,0.562,1.849,4.469,7.864
Atta_colombica,EG_20211101_2,20,0.261,0.545,1.891,4.743,7.661
Acromyrmex_echinatior,Ae526,25,0.148,0.459,1.057,2.999,7.568
Paratrachymyrmex_cornetzi,GL_20211017_2,25,0.255,0.731,2.062,3.717,7.553
Acromyrmex_echinatior,Ae621,25,0.186,0.613,2.25,5.41,7.443
Paratrachymyrmex_cornetzi,MB_20211030_3,25,0.318,0.684,2.033,4.008,7.294
Paratrachymyrmex_cornetzi,GL_20211017_2,25,0.335,0.905,2.404,4.44,7.143
Apterostigma_dentigerum,MB_20211102_1,20,0.137,0.545,1.831,4.129,7.121
Paratrachymyrmex_cornetzi,EG_20211102_7,25,0.234,0.617,1.858,4.299,6.788
Atta_colombica,TLP_20211014_12,20,0.183,0.699,1.578,3.706,6.674
Atta_colombica,TLP_20211014_12,20,0.246,0.566,1.299,3.611,6.422
Atta_colombica,TLP_20211014_12,20,0.213,0.636,1.358,3.642,6.403
Paratrachymyrmex_cornetzi,EG_20211102_7,25,0.219,0.641,1.737,3.295,6.37
Mycocepurus_smithii,JEA_20211103_2,25,0.218,0.402,0.826,3.104,6.145
Mycocepurus_smithii,MB_20211030_1,25,0.178,0.468,1.122,2.569,5.712
Cyphomyrmex_costatus,MB_20211024_1,20,0.262,0.611,1.527,3.095,5.627
Mycocepurus_smithii,JEA_20211103_2,25,0.198,0.543,1.084,2.477,5.621
Atta_colombica,TLP_20211014_12,25,0.191,0.446,1.384,3.687,5.608
Acromyrmex_echinatior,Ae507,25,0.2,0.431,1.403,3.621,5.452
Cyphomyrmex_costatus,MB_20211024_1,20,0.312,0.556,1.611,2.846,5.417
Atta_colombica,TLP_20211014_12,25,0.235,0.419,1.077,3.066,5.402
Atta_colombica,TLP_20211012_3,25,0.2,0.434,1.297,3.194,5.264
Mycocepurus_smithii,JEA_20211103_2,25,0.258,0.467,0.95,2.619,5.232
Acromyrmex_echinatior,Ae526,20,0.227,0.466,1.054,2.776,5.175
Acromyrmex_echinatior,Ae507,25,0.212,0.453,1.173,2.825,5.107
Paratrachymyrmex_cornetzi,GL_20211017_2,25,0.284,0.853,2.18,3.044,5.026
Cyphomyrmex_costatus,MB_20211024_1,20,0.296,0.532,1.596,3.311,4.994
Acromyrmex_echinatior,Ae507,25,0.222,0.425,1.051,2.934,4.974
Cyphomyrmex_costatus,MB_20211024_1,20,0.272,0.507,1.418,2.655,4.792
Cyphomyrmex_costatus,MB_20211024_1,20,0.314,0.608,1.493,3.021,4.78
Paratrachymyrmex_cornetzi,MB_20211030_3,20,0.289,0.568,1.559,2.751,4.723
Paratrachymyrmex_cornetzi,MB_20211030_3,20,0.331,0.558,1.532,2.895,4.514
Mycocepurus_smithii,JEA_20211103_2,30,0.258,0.781,1.366,2.279,4.225
Acromyrmex_echinatior,Ae621,25,0.165,0.346,0.715,2.085,4.143
Atta_colombica,TLP_20211012_3,25,0.22,0.442,1.158,2.695,4.08
Atta_colombica,TLP_20211012_3,25,0.193,0.525,1.226,2.83,4.012
Mycocepurus_smithii,JEA_20211103_2,30,0.289,0.771,1.406,2.448,3.928
Mycocepurus_smithii,MB_20211030_1,30,0.316,0.72,1.28,2.164,3.7
Atta_colombica,TLP_20211012_3,25,0.188,0.519,1.197,2.335,3.673
Mycocepurus_smithii,MB_20211102_3,25,0.232,0.502,1.12,1.926,3.564
Mycocepurus_smithii,MB_20211030_1,30,0.348,0.839,1.571,2.497,3.527
Paratrachymyrmex_cornetzi,GL_20211017_2,20,0.323,0.715,1.519,2.636,3.46
Paratrachymyrmex_cornetzi,EG_20211102_7,25,0.275,0.522,1.24,2.127,3.456
Paratrachymyrmex_cornetzi,MB_20211030_3,20,0.436,0.436,1.147,2.309,3.374
Paratrachymyrmex_cornetzi,GL_20211017_2,20,0.36,0.36,1.246,2.154,3.343
Mycocepurus_smithii,MB_20211102_3,30,0.325,0.683,1.152,1.858,3.291
Mycocepurus_smithii,MB_20211030_1,30,0.245,0.648,1.287,2.15,3.279
Mycocepurus_smithii,JEA_20211103_2,30,0.251,0.251,1.169,2.039,3.257
Mycocepurus_smithii,MB_20211102_3,30,0.166,0.468,0.879,1.803,3.231
Paratrachymyrmex_cornetzi,EG_20211102_7,20,0.321,0.651,1.451,2.263,3.207
Paratrachymyrmex_cornetzi,EG_20211102_7,25,0.241,0.533,1.217,2.046,3.193
Paratrachymyrmex_cornetzi,EG_20211102_7,20,0.211,0.473,1.412,2.147,3.146
Paratrachymyrmex_cornetzi,MB_20211030_3,20,0.471,0.471,1.063,2.053,3.128
Paratrachymyrmex_cornetzi,EG_20211102_7,20,0.323,0.659,1.461,2.206,3.127
Mycocepurus_smithii,MB_20211030_1,30,0.18,0.525,1.143,2.043,3.071
Atta_colombica,TLP_20211014_12,30,0.266,0.496,1.13,1.917,3.05
Acromyrmex_echinatior,Ae526,25,0.183,0.495,0.859,1.929,3.048
Mycocepurus_smithii,MB_20211102_3,30,0.26,0.756,1.229,1.988,3.044
Atta_colombica,EG_20211101_2,30,0.214,0.405,0.682,1.5,3.017
Mycocepurus_smithii,MB_20211102_3,25,0.327,0.695,1.151,1.783,2.962
Paratrachymyrmex_cornetzi,EG_20211102_7,20,0.306,0.706,1.359,2.101,2.911
Acromyrmex_echinatior,Ae621,25,0.184,0.381,0.739,1.775,2.87
Paratrachymyrmex_cornetzi,EG_20211102_7,20,0.33,0.625,1.435,2.073,2.858
Mycocepurus_smithii,MB_20211102_3,25,0.172,0.46,1.057,1.799,2.775
Mycocepurus_smithii,MB_20211102_3,25,0.321,0.823,1.366,1.913,2.639
Paratrachymyrmex_cornetzi,EG_20211102_7,20,0.223,0.491,0.979,1.769,2.579
Atta_colombica,TLP_20211012_3,30,0.24,0.562,1.029,1.821,2.562
Mycocepurus_smithii,MB_20211102_3,30,0.252,0.567,0.915,1.486,2.503
Mycocepurus_smithii,JEA_20211103_2,30,0.202,0.538,1.03,1.764,2.473
Atta_colombica,TLP_20211012_3,30,0.248,0.494,0.981,1.659,2.452
Acromyrmex_echinatior,Ae621,20,0.219,0.347,0.552,1.129,2.436
Atta_colombica,TLP_20211012_3,20,0.238,0.36,0.559,1.509,2.356
Acromyrmex_echinatior,Ae507,20,0.222,0.304,0.675,1.375,2.343
Atta_colombica,TLP_20211012_3,30,0.194,0.476,1.043,1.718,2.327
Mycocepurus_smithii,MB_20211030_1,20,0.42,0.42,0.911,1.404,2.297
Atta_colombica,TLP_20211014_12,30,0.225,0.336,0.806,1.474,2.252
Mycocepurus_smithii,MB_20211102_3,25,0.213,0.483,1.047,1.496,2.248
Atta_colombica,TLP_20211012_3,30,0.186,0.435,0.861,1.387,2.212
Acromyrmex_echinatior,Ae621,25,0.14,0.397,0.775,1.525,2.199
Atta_colombica,TLP_20211012_3,30,0.215,0.545,0.978,1.541,2.159
Acromyrmex_echinatior,Ae526,20,0.217,0.332,0.59,1.301,2.125
Atta_colombica,TLP_20211012_3,30,0.208,0.395,0.941,1.531,2.075
Mycocepurus_smithii,MB_20211102_3,25,0.19,0.437,0.939,1.365,2.063
Atta_colombica,TLP_20211012_3,20,0.22,0.368,0.771,1.289,2.059
Atta_colombica,TLP_20211014_12,20,0.17,0.3,0.599,1.255,1.941
Acromyrmex_echinatior,Ae526,30,0.155,0.407,0.758,1.254,1.936
Atta_colombica,EG_20211101_2,30,0.23,0.349,0.716,1.117,1.925
Atta_colombica,TLP_20211012_3,20,0.23,0.363,0.65,1.153,1.896
Acromyrmex_echinatior,Ae507,20,0.139,0.397,0.652,1.081,1.869
Atta_colombica,EG_20211101_2,30,0.224,0.358,0.784,1.178,1.833
Atta_colombica,TLP_20211012_3,20,0.192,0.309,0.56,1.072,1.798
Acromyrmex_echinatior,Ae526,20,0.189,0.344,0.574,0.963,1.792
Acromyrmex_echinatior,Ae507,20,0.206,0.284,0.708,1.143,1.791
Apterostigma_dentigerum,CLD_20211022_1,30,0.18,0.18,0.565,0.918,1.718
Acromyrmex_echinatior,Ae621,30,0.176,0.354,0.6,0.974,1.689
Paratrachymyrmex_cornetzi,MB_20211030_3,25,0.301,0.301,0.425,0.808,1.686
Apterostigma_dentigerum,MB_20211019_2,15,0.235,0.235,0.773,1.385,1.641
Apterostigma_dentigerum,MB_20211019_2,15,0.26,0.26,0.701,1.452,1.635
Acromyrmex_echinatior,Ae507,20,0.167,0.318,0.616,0.967,1.606
Apterostigma_dentigerum,MB_20211019_2,15,0.225,0.225,0.613,1.241,1.495
Atta_colombica,EG_20211101_2,30,0.205,0.346,0.708,1.061,1.495
Mycocepurus_smithii,JEA_20211103_2,20,0.209,0.32,0.539,0.742,1.491
Acromyrmex_echinatior,Ae507,20,0.216,0.328,0.528,1.009,1.478
Atta_colombica,EG_20211101_2,15,0.238,0.238,0.468,0.914,1.474
Apterostigma_dentigerum,CLD_20211022_1,15,0.186,0.186,0.741,1.164,1.447
Acromyrmex_echinatior,Ae507,30,0.173,0.392,0.654,1.039,1.424
Mycocepurus_smithii,JEA_20211103_2,20,0.391,0.391,0.7,1.069,1.418
Acromyrmex_echinatior,Ae621,20,0.2,0.302,0.507,0.893,1.408
Mycocepurus_smithii,JEA_20211103_2,20,0.44,0.44,0.619,0.982,1.393
Atta_colombica,EG_20211101_2,15,0.202,0.202,0.42,0.913,1.335
Apterostigma_dentigerum,CLD_20211022_1,30,0.219,0.219,0.545,0.96,1.334
Acromyrmex_echinatior,Ae507,30,0.175,0.369,0.81,1.125,1.314
Mycocepurus_smithii,MB_20211102_3,20,0.339,0.339,0.652,0.974,1.309
Atta_colombica,EG_20211101_2,15,0.222,0.222,0.545,0.859,1.291
Mycocepurus_smithii,MB_20211102_3,20,0.428,0.428,0.812,1.182,1.288
Paratrachymyrmex_cornetzi,MB_20211030_3,30,0.375,0.701,1.239,1.239,1.239
Acromyrmex_echinatior,Ae621,20,0.19,0.296,0.455,0.657,1.218
Mycocepurus_smithii,JEA_20211103_2,20,0.197,0.197,0.555,0.889,1.218
Acromyrmex_echinatior,Ae507,30,0.184,0.35,0.55,0.765,1.163
Mycocepurus_smithii,MB_20211102_3,20,0.232,0.232,0.525,0.743,1.148
Apterostigma_dentigerum,CLD_20211022_1,30,0.202,0.202,0.779,1.167,1.141
Apterostigma_dentigerum,CLD_20211022_1,15,0.199,0.199,0.585,0.726,1.134
Acromyrmex_echinatior,Ae507,30,0.253,0.402,0.635,0.955,1.126
Acromyrmex_echinatior,Ae526,30,0.199,0.415,0.661,0.973,1.114
Acromyrmex_echinatior,Ae507,30,0.231,0.362,0.653,1.01,1.08
Acromyrmex_echinatior,Ae621,15,0.233,0.233,0.377,0.91,1.066
Mycocepurus_smithii,MB_20211102_3,20,0.243,0.243,0.468,0.777,1.054
Acromyrmex_echinatior,Ae621,30,0.274,0.494,0.598,0.787,1.039
Mycocepurus_smithii,JEA_20211103_2,25,0.386,0.386,0.577,0.794,1.019
Mycocepurus_smithii,MB_20211030_1,20,0.187,0.187,0.451,0.729,1.014
Apterostigma_dentigerum,MB_20211102_1,15,0.22,0.22,0.452,0.77,1.008
Mycocepurus_smithii,MB_20211102_3,20,0.222,0.222,0.485,0.729,0.989
Mycocepurus_smithii,JEA_20211103_2,20,0.185,0.185,0.473,0.671,0.952
Apterostigma_dentigerum,MB_20211102_1,15,0.197,0.197,0.447,0.658,0.933
Apterostigma_dentigerum,MB_20211102_1,15,0.206,0.206,0.404,0.592,0.909
Apterostigma_dentigerum,MB_20211102_1,15,0.284,0.284,0.449,0.708,0.897
Apterostigma_dentigerum,MB_20211102_1,15,0.215,0.215,0.378,0.59,0.875
Acromyrmex_echinatior,Ae526,30,0.164,0.355,0.539,0.843,0.867
Cyphomyrmex_costatus,MB_20211018_3,15,0.211,0.211,0.499,0.643,0.845
Cyphomyrmex_costatus,MB_20211018_3,15,0.236,0.236,0.546,0.598,0.831
Atta_colombica,TLP_20211014_12,15,0.217,0.217,0.489,0.748,0.821
Atta_colombica,TLP_20211014_12,15,0.197,0.197,0.442,0.737,0.809
Acromyrmex_echinatior,Ae621,15,0.255,0.255,0.426,0.652,0.79
Cyphomyrmex_costatus,MB_20211018_3,15,0.188,0.188,0.447,0.723,0.79
Acromyrmex_echinatior,Ae526,20,0.2,0.2,0.348,0.622,0.774
Apterostigma_dentigerum,MB_20211102_1,15,0.175,0.175,0.428,0.594,0.757
Acromyrmex_echinatior,Ae621,15,0.225,0.225,0.333,0.647,0.739
Acromyrmex_echinatior,Ae621,15,0.207,0.207,0.435,0.61,0.737
Apterostigma_dentigerum,CLD_20211022_1,30,0.211,0.211,0.484,0.576,0.692
Atta_colombica,TLP_20211014_12,15,0.26,0.26,0.372,0.608,0.68
Acromyrmex_echinatior,Ae621,15,0.249,0.249,0.382,0.55,0.663
Atta_colombica,TLP_20211014_12,15,0.237,0.237,0.396,0.641,0.637
Cyphomyrmex_costatus,MB_20211011_3,15,0.234,0.234,0.355,0.515,0.626
Cyphomyrmex_costatus,MB_20211011_3,15,0.227,0.227,0.311,0.412,0.613
Cyphomyrmex_costatus,MB_20211024_1,15,0.25,0.25,0.423,0.511,0.598
Acromyrmex_echinatior,Ae507,15,0.185,0.185,0.346,0.482,0.586
Cyphomyrmex_costatus,MB_20211011_3,15,0.238,0.238,0.238,0.441,0.579
Atta_colombica,TLP_20211012_3,15,0.236,0.236,0.343,0.491,0.572
Cyphomyrmex_costatus,MB_20211011_3,15,0.264,0.264,0.375,0.438,0.57
Acromyrmex_echinatior,Ae507,15,0.172,0.172,0.401,0.56,0.563
Atta_colombica,TLP_20211012_3,15,0.208,0.208,0.389,0.511,0.559
Atta_colombica,TLP_20211012_3,15,0.217,0.217,0.338,0.522,0.536
Cyphomyrmex_costatus,MB_20211011_3,15,0.211,0.211,0.211,0.372,0.529
Atta_colombica,TLP_20211012_3,15,0.221,0.221,0.323,0.476,0.517
Cyphomyrmex_costatus,MB_20211024_1,15,0.236,0.236,0.307,0.408,0.517
Acromyrmex_echinatior,Ae526,15,0.214,0.214,0.295,0.451,0.502
Acromyrmex_echinatior,Ae507,15,0.267,0.267,0.325,0.509,0.493
Acromyrmex_echinatior,Ae621,15,0.203,0.203,0.279,0.429,0.482
Apterostigma_dentigerum,MB_20211102_1,30,0.148,0.148,0.352,0.408,0.481
Cyphomyrmex_costatus,MB_20211011_3,15,0.22,0.22,0.22,0.339,0.469
Mycocepurus_smithii,JEA_20211103_2,10,0.453,0.453,0.453,0.453,0.453
Acromyrmex_echinatior,Ae526,15,0.185,0.185,0.299,0.431,0.447
Mycocepurus_smithii,JEA_20211103_2,10,0.406,0.406,0.406,0.406,0.406
Mycocepurus_smithii,JEA_20211103_2,10,0.4,0.4,0.4,0.4,0.4
Paratrachymyrmex_cornetzi,GL_20211017_2,10,0.395,0.395,0.395,0.395,0.395
Mycocepurus_smithii,JEA_20211103_2,15,0.385,0.385,0.385,0.385,0.385
Paratrachymyrmex_cornetzi,EG_20211102_4,10,0.384,0.384,0.384,0.384,0.384
Paratrachymyrmex_cornetzi,MB_20211030_3,15,0.384,0.384,0.384,0.384,0.384
Acromyrmex_echinatior,Ae621,30,0.199,0.317,0.539,0.56,0.382
Paratrachymyrmex_cornetzi,MB_20211030_3,10,0.359,0.359,0.359,0.359,0.359
Mycocepurus_smithii,JEA_20211103_2,15,0.356,0.356,0.356,0.356,0.356
Mycocepurus_smithii,MB_20211030_1,15,0.356,0.356,0.356,0.356,0.356
Mycocepurus_smithii,MB_20211102_3,10,0.355,0.355,0.355,0.355,0.355
Paratrachymyrmex_cornetzi,MB_20211030_3,10,0.355,0.355,0.355,0.355,0.355
Mycocepurus_smithii,MB_20211102_3,15,0.349,0.349,0.349,0.349,0.349
Paratrachymyrmex_cornetzi,MB_20211030_3,30,0.346,0.346,0.346,0.346,0.346
Paratrachymyrmex_cornetzi,MB_20211030_3,30,0.34,0.34,0.34,0.34,0.34
Paratrachymyrmex_cornetzi,MB_20211030_3,10,0.335,0.335,0.335,0.335,0.335
Paratrachymyrmex_cornetzi,EG_20211102_4,15,0.332,0.332,0.332,0.332,0.332
Mycocepurus_smithii,MB_20211102_3,10,0.329,0.329,0.329,0.329,0.329
Paratrachymyrmex_cornetzi,MB_20211030_3,30,0.328,0.328,0.328,0.328,0.328
Mycocepurus_smithii,MB_20211030_1,10,0.327,0.327,0.327,0.327,0.327
Paratrachymyrmex_cornetzi,GL_20211017_2,10,0.325,0.325,0.325,0.325,0.325
Paratrachymyrmex_cornetzi,GL_20211017_2,10,0.32,0.32,0.32,0.32,0.32
Paratrachymyrmex_cornetzi,EG_20211102_7,30,0.19,0.19,0.301,0.301,0.301
Paratrachymyrmex_cornetzi,GL_20211017_2,30,0.301,0.301,0.301,0.301,0.301
Paratrachymyrmex_cornetzi,EG_20211102_7,10,0.299,0.299,0.299,0.299,0.299
Mycocepurus_smithii,JEA_20211103_2,15,0.291,0.291,0.291,0.291,0.291
Mycocepurus_smithii,JEA_20211103_2,10,0.29,0.29,0.29,0.29,0.29
Paratrachymyrmex_cornetzi,EG_20211102_4,30,0.284,0.284,0.284,0.284,0.284
Cyphomyrmex_costatus,MB_20211011_3,10,0.273,0.273,0.273,0.273,0.273
Mycocepurus_smithii,JEA_20211103_2,10,0.269,0.269,0.269,0.269,0.269
Cyphomyrmex_costatus,MB_20211024_1,10,0.265,0.265,0.265,0.265,0.265
Paratrachymyrmex_cornetzi,EG_20211102_7,15,0.254,0.254,0.254,0.254,0.254
Paratrachymyrmex_cornetzi,EG_20211102_4,15,0.251,0.251,0.251,0.251,0.251
Cyphomyrmex_costatus,MB_20211018_3,10,0.248,0.248,0.248,0.248,0.248
Paratrachymyrmex_cornetzi,GL_20211017_2,30,0.239,0.239,0.239,0.239,0.239
Paratrachymyrmex_cornetzi,EG_20211102_4,10,0.237,0.237,0.237,0.237,0.237
Atta_colombica,EG_20211101_2,10,0.236,0.236,0.236,0.236,0.236
Mycocepurus_smithii,MB_20211030_1,10,0.236,0.236,0.236,0.236,0.236
Acromyrmex_echinatior,Ae507,10,0.232,0.232,0.232,0.232,0.232
Cyphomyrmex_costatus,MB_20211024_1,10,0.231,0.231,0.231,0.231,0.231
Paratrachymyrmex_cornetzi,EG_20211102_4,30,0.23,0.23,0.23,0.23,0.23
Cyphomyrmex_costatus,MB_20211024_1,10,0.229,0.229,0.229,0.229,0.229
Cyphomyrmex_costatus,MB_20211018_3,10,0.228,0.228,0.228,0.228,0.228
Cyphomyrmex_costatus,MB_20211018_3,10,0.227,0.227,0.227,0.227,0.227
Apterostigma_dentigerum,MB_20211102_1,10,0.226,0.226,0.226,0.226,0.226
Cyphomyrmex_costatus,MB_20211011_3,10,0.226,0.226,0.226,0.226,0.226
Apterostigma_dentigerum,MB_20211019_2,10,0.225,0.225,0.225,0.225,0.225
Acromyrmex_echinatior,Ae526,10,0.224,0.224,0.224,0.224,0.224
Apterostigma_dentigerum,MB_20211019_2,30,0.221,0.221,0.221,0.221,0.221
Paratrachymyrmex_cornetzi,EG_20211102_7,15,0.22,0.22,0.22,0.22,0.22
Acromyrmex_echinatior,Ae507,10,0.219,0.219,0.219,0.219,0.219
Atta_colombica,EG_20211101_2,10,0.218,0.218,0.218,0.218,0.218
Cyphomyrmex_costatus,MB_20211024_1,10,0.218,0.218,0.218,0.218,0.218
Apterostigma_dentigerum,MB_20211102_1,10,0.216,0.216,0.216,0.216,0.216
Cyphomyrmex_costatus,MB_20211018_3,10,0.214,0.214,0.214,0.214,0.214
Mycocepurus_smithii,MB_20211102_3,15,0.214,0.214,0.214,0.214,0.214
Paratrachymyrmex_cornetzi,EG_20211102_7,15,0.208,0.208,0.208,0.208,0.208
Acromyrmex_echinatior,Ae507,10,0.205,0.205,0.205,0.205,0.205
Apterostigma_dentigerum,MB_20211019_2,10,0.205,0.205,0.205,0.205,0.205
Mycocepurus_smithii,MB_20211102_3,15,0.204,0.204,0.204,0.204,0.204
Apterostigma_dentigerum,MB_20211019_2,10,0.203,0.203,0.203,0.203,0.203
Acromyrmex_echinatior,Ae526,10,0.201,0.201,0.201,0.201,0.201
Atta_colombica,EG_20211101_2,10,0.201,0.201,0.201,0.201,0.201
Acromyrmex_echinatior,Ae621,10,0.2,0.2,0.2,0.2,0.2
Acromyrmex_echinatior,Ae526,10,0.199,0.199,0.199,0.199,0.199
Acromyrmex_echinatior,Ae526,10,0.198,0.198,0.198,0.198,0.198
Apterostigma_dentigerum,MB_20211019_2,30,0.198,0.198,0.198,0.198,0.198
Mycocepurus_smithii,MB_20211102_3,15,0.198,0.198,0.198,0.198,0.198
Atta_colombica,TLP_20211012_3,10,0.197,0.197,0.197,0.197,0.197
Atta_colombica,TLP_20211014_12,10,0.197,0.197,0.197,0.197,0.197
Mycocepurus_smithii,JEA_20211103_2,15,0.197,0.197,0.197,0.197,0.197
Apterostigma_dentigerum,MB_20211019_2,30,0.196,0.196,0.196,0.196,0.196
Apterostigma_dentigerum,MB_20211019_2,30,0.196,0.196,0.196,0.196,0.196
Atta_colombica,EG_20211101_2,10,0.195,0.195,0.195,0.195,0.195
Acromyrmex_echinatior,Ae507,10,0.193,0.193,0.193,0.193,0.193
Mycocepurus_smithii,MB_20211102_3,10,0.193,0.193,0.193,0.193,0.193
Mycocepurus_smithii,MB_20211102_3,15,0.193,0.193,0.193,0.193,0.193
Apterostigma_dentigerum,MB_20211019_2,10,0.192,0.192,0.192,0.192,0.192
Mycocepurus_smithii,JEA_20211103_2,10,0.192,0.192,0.192,0.192,0.192
Apterostigma_dentigerum,MB_20211019_2,10,0.191,0.191,0.191,0.191,0.191
Mycocepurus_smithii,MB_20211030_1,15,0.191,0.191,0.191,0.191,0.191
Apterostigma_dentigerum,MB_20211019_2,10,0.19,0.19,0.19,0.19,0.19
Paratrachymyrmex_cornetzi,EG_20211102_7,15,0.19,0.19,0.19,0.19,0.19
Atta_colombica,EG_20211101_2,10,0.184,0.184,0.184,0.184,0.184
Paratrachymyrmex_cornetzi,EG_20211102_7,15,0.184,0.184,0.184,0.184,0.184
Paratrachymyrmex_cornetzi,EG_20211102_7,10,0.18,0.18,0.18,0.18,0.18
Mycocepurus_smithii,MB_20211102_3,10,0.179,0.179,0.179,0.179,0.179
Atta_colombica,TLP_20211012_3,10,0.178,0.178,0.178,0.178,0.178
Atta_colombica,TLP_20211014_12,10,0.178,0.178,0.178,0.178,0.178
Apterostigma_dentigerum,MB_20211102_1,10,0.177,0.177,0.177,0.177,0.177
Apterostigma_dentigerum,MB_20211019_2,30,0.176,0.176,0.176,0.176,0.176
Apterostigma_dentigerum,MB_20211102_1,10,0.175,0.175,0.175,0.175,0.175
Atta_colombica,EG_20211101_2,10,0.175,0.175,0.175,0.175,0.175
Atta_colombica,TLP_20211012_3,10,0.175,0.175,0.175,0.175,0.175
Atta_colombica,TLP_20211012_3,10,0.171,0.171,0.171,0.171,0.171
Paratrachymyrmex_cornetzi,EG_20211102_4,30,0.171,0.171,0.171,0.171,0.171
Paratrachymyrmex_cornetzi,EG_20211102_7,15,0.17,0.17,0.17,0.17,0.17
Acromyrmex_echinatior,Ae526,10,0.165,0.165,0.165,0.165,0.165
Apterostigma_dentigerum,MB_20211102_1,10,0.165,0.165,0.165,0.165,0.165
Paratrachymyrmex_cornetzi,EG_20211102_7,10,0.163,0.163,0.163,0.163,0.163
Acromyrmex_echinatior,Ae621,10,0.159,0.159,0.159,0.159,0.159
Paratrachymyrmex_cornetzi,EG_20211102_7,15,0.154,0.154,0.154,0.154,0.154
Paratrachymyrmex_cornetzi,EG_20211102_7,15,0.152,0.152,0.152,0.152,0.152
Paratrachymyrmex_cornetzi,EG_20211102_7,10,0.151,0.151,0.151,0.151,0.151
Paratrachymyrmex_cornetzi,EG_20211102_4,30,0.15,0.15,0.15,0.15,0.15
Paratrachymyrmex_cornetzi,EG_20211102_7,15,0.149,0.149,0.149,0.149,0.149
Acromyrmex_echinatior,Ae621,10,0.133,0.133,0.133,0.133,0.133
Mycocepurus_smithii,MB_20211030_1,15,0.13,0.13,0.13,0.13,0.13
Apterostigma_dentigerum,MB_20211102_1,30,0.129,0.129,0.129,0.129,0.129
Apterostigma_dentigerum,CLD_20211022_1,10,0.125,0.125,0.125,0.125,0.125
Paratrachymyrmex_cornetzi,EG_20211102_4,30,0.088,0.088,0.088,0.088,0.088
Acromyrmex_echinatior,Ae507,30,0.237,0.384,,,
Acromyrmex_echinatior,Ae621,15,0.23,0.23,0.41,,
Apterostigma_dentigerum,MB_20211019_2,15,0.125,0.125,0.506,,
Apterostigma_dentigerum,MB_20211102_1,30,0.201,0.201,0.343,0.382,
Atta_colombica,TLP_20211012_3,15,0.233,0.233,,,
Cyphomyrmex_costatus,MB_20211018_3,10,0.225,0.225,,,
